image_id,orig_relpath,class_label,flag,notes,ai_suggested_flag
kaggle_fake_real_medicine_00001,"../raw/kaggle_fake_real/dataset/Fake/Screenshot 2025-09-17 173830.png",counterfeit,clean,"",
kaggle_fake_real_medicine_00002,"../raw/kaggle_fake_real/dataset/Fake/Screenshot 2025-09-17 173925.png",counterfeit,clean,"",
kaggle_fake_real_medicine_00003,"../raw/kaggle_fake_real/dataset/Fake/Screenshot 2025-09-17 173947.png",counterfeit,clean,"",
kaggle_fake_real_medicine_00004,"../raw/kaggle_fake_real/dataset/Fake/Screenshot 2025-09-17 174004.png",counterfeit,clean,"",
kaggle_fake_real_medicine_00005,"../raw/kaggle_fake_real/dataset/Fake/Screenshot 2025-09-17 174048.png",counterfeit,clean,"",
kaggle_fake_real_medicine_00006,"../raw/kaggle_fake_real/dataset/Fake/Screenshot 2025-09-17 174103.png",counterfeit,clean,"",
kaggle_fake_real_medicine_00007,"../raw/kaggle_fake_real/dataset/Fake/Screenshot 2025-09-17 174126.png",counterfeit,clean,"",
kaggle_fake_real_medicine_00008,"../raw/kaggle_fake_real/dataset/Fake/Screenshot 2025-09-17 174153.png",counterfeit,clean,"",
kaggle_fake_real_medicine_00009,"../raw/kaggle_fake_real/dataset/Fake/Screenshot 2025-09-17 174239.png",counterfeit,clean,"",
kaggle_fake_real_medicine_00010,"../raw/kaggle_fake_real/dataset/Fake/Screenshot 2025-09-17 174308.png",counterfeit,clean,"",
kaggle_fake_real_medicine_00011,"../raw/kaggle_fake_real/dataset/Fake/Screenshot 2025-09-17 174345.png",counterfeit,clean,"",
kaggle_fake_real_medicine_00012,"../raw/kaggle_fake_real/dataset/Fake/Screenshot 2025-09-17 174416.png",counterfeit,clean,"",
kaggle_fake_real_medicine_00013,"../raw/kaggle_fake_real/dataset/Fake/Screenshot 2025-09-17 174538.png",counterfeit,clean,"",
kaggle_fake_real_medicine_00014,"../raw/kaggle_fake_real/dataset/Fake/Screenshot 2025-09-17 174557.png",counterfeit,clean,"",
kaggle_fake_real_medicine_00015,"../raw/kaggle_fake_real/dataset/Fake/Screenshot 2025-09-17 174626.png",counterfeit,clean,"",
kaggle_fake_real_medicine_00016,"../raw/kaggle_fake_real/dataset/Fake/Screenshot 2025-09-17 174641.png",counterfeit,clean,"",
kaggle_fake_real_medicine_00017,"../raw/kaggle_fake_real/dataset/Fake/Screenshot 2025-09-17 174746.png",counterfeit,clean,"",
kaggle_fake_real_medicine_00018,"../raw/kaggle_fake_real/dataset/Fake/Screenshot 2025-09-17 174813.png",counterfeit,clean,"",
kaggle_fake_real_medicine_00019,"../raw/kaggle_fake_real/dataset/Fake/Screenshot 2025-09-17 174826.png",counterfeit,clean,"",
kaggle_fake_real_medicine_00020,"../raw/kaggle_fake_real/dataset/Fake/Screenshot 2025-09-17 174843.png",counterfeit,clean,"",
kaggle_fake_real_medicine_00021,"../raw/kaggle_fake_real/dataset/Fake/Screenshot 2025-09-17 174948.png",counterfeit,clean,"",
kaggle_fake_real_medicine_00022,"../raw/kaggle_fake_real/dataset/Fake/Screenshot 2025-09-17 175006.png",counterfeit,clean,"",
kaggle_fake_real_medicine_00023,"../raw/kaggle_fake_real/dataset/Fake/Screenshot 2025-09-17 175026.png",counterfeit,clean,"",
kaggle_fake_real_medicine_00024,"../raw/kaggle_fake_real/dataset/Fake/Screenshot 2025-09-17 175208.png",counterfeit,clean,"",
kaggle_fake_real_medicine_00025,"../raw/kaggle_fake_real/dataset/Fake/Screenshot 2025-09-17 175235.png",counterfeit,clean,"",
kaggle_fake_real_medicine_00026,"../raw/kaggle_fake_real/dataset/Fake/Screenshot 2025-09-17 175301.png",counterfeit,clean,"",
kaggle_fake_real_medicine_00027,"../raw/kaggle_fake_real/dataset/Fake/Screenshot 2025-09-17 175322.png",counterfeit,clean,"",
kaggle_fake_real_medicine_00028,"../raw/kaggle_fake_real/dataset/Fake/Screenshot 2025-09-17 175354.png",counterfeit,clean,"",
kaggle_fake_real_medicine_00029,"../raw/kaggle_fake_real/dataset/Fake/Screenshot 2025-09-17 175453.png",counterfeit,clean,"",
kaggle_fake_real_medicine_00030,"../raw/kaggle_fake_real/dataset/Fake/Screenshot 2025-09-17 175509.png",counterfeit,clean,"",
kaggle_fake_real_medicine_00031,"../raw/kaggle_fake_real/dataset/Fake/Screenshot 2025-09-17 175527.png",counterfeit,clean,"",
kaggle_fake_real_medicine_00032,"../raw/kaggle_fake_real/dataset/Fake/Screenshot 2025-09-17 175545.png",counterfeit,clean,"",
kaggle_fake_real_medicine_00033,"../raw/kaggle_fake_real/dataset/Fake/Screenshot 2025-09-17 175617.png",counterfeit,clean,"",
kaggle_fake_real_medicine_00034,"../raw/kaggle_fake_real/dataset/Fake/Screenshot 2025-09-17 175723.png",counterfeit,clean,"",
kaggle_fake_real_medicine_00035,"../raw/kaggle_fake_real/dataset/Fake/Screenshot 2025-09-17 175736.png",counterfeit,clean,"",
kaggle_fake_real_medicine_00036,"../raw/kaggle_fake_real/dataset/Fake/Screenshot 2025-09-17 175749.png",counterfeit,clean,"",
kaggle_fake_real_medicine_00037,"../raw/kaggle_fake_real/dataset/Fake/Screenshot 2025-09-17 175833.png",counterfeit,clean,"",
kaggle_fake_real_medicine_00038,"../raw/kaggle_fake_real/dataset/Fake/Screenshot 2025-09-17 175847.png",counterfeit,clean,"",
kaggle_fake_real_medicine_00039,"../raw/kaggle_fake_real/dataset/Fake/Screenshot 2025-09-17 175938.png",counterfeit,clean,"",
kaggle_fake_real_medicine_00040,"../raw/kaggle_fake_real/dataset/Fake/Screenshot 2025-09-17 175957.png",counterfeit,clean,"",
kaggle_fake_real_medicine_00041,"../raw/kaggle_fake_real/dataset/Fake/Screenshot 2025-09-17 180036.png",counterfeit,clean,"",
kaggle_fake_real_medicine_00042,"../raw/kaggle_fake_real/dataset/Fake/Screenshot 2025-09-17 180052.png",counterfeit,clean,"",
kaggle_fake_real_medicine_00043,"../raw/kaggle_fake_real/dataset/Fake/Screenshot 2025-09-17 180106.png",counterfeit,clean,"",
kaggle_fake_real_medicine_00044,"../raw/kaggle_fake_real/dataset/Fake/Screenshot 2025-09-17 180119.png",counterfeit,clean,"",
kaggle_fake_real_medicine_00045,"../raw/kaggle_fake_real/dataset/Fake/Screenshot 2025-09-17 180132.png",counterfeit,clean,"",
kaggle_fake_real_medicine_00046,"../raw/kaggle_fake_real/dataset/Fake/Screenshot 2025-09-17 180146.png",counterfeit,clean,"",
kaggle_fake_real_medicine_00047,"../raw/kaggle_fake_real/dataset/Fake/Screenshot 2025-09-17 180157.png",counterfeit,clean,"",
kaggle_fake_real_medicine_00048,"../raw/kaggle_fake_real/dataset/Fake/Screenshot 2025-09-17 180208.png",counterfeit,clean,"",
kaggle_fake_real_medicine_00049,"../raw/kaggle_fake_real/dataset/Fake/Screenshot 2025-09-17 180223.png",counterfeit,clean,"",
kaggle_fake_real_medicine_00050,"../raw/kaggle_fake_real/dataset/Fake/Screenshot 2025-09-17 180304.png",counterfeit,clean,"",
kaggle_fake_real_medicine_00051,"../raw/kaggle_fake_real/dataset/Fake/Screenshot 2025-09-17 180322.png",counterfeit,clean,"",
kaggle_fake_real_medicine_00052,"../raw/kaggle_fake_real/dataset/Fake/Screenshot 2025-09-17 180440.png",counterfeit,clean,"",
kaggle_fake_real_medicine_00053,"../raw/kaggle_fake_real/dataset/Fake/Screenshot 2025-09-17 180452.png",counterfeit,clean,"",
kaggle_fake_real_medicine_00054,"../raw/kaggle_fake_real/dataset/Fake/Screenshot 2025-09-17 180506.png",counterfeit,clean,"",
kaggle_fake_real_medicine_00055,"../raw/kaggle_fake_real/dataset/Fake/Screenshot 2025-09-17 180548.png",counterfeit,clean,"",
kaggle_fake_real_medicine_00056,"../raw/kaggle_fake_real/dataset/Fake/Screenshot 2025-09-17 180616.png",counterfeit,clean,"",
kaggle_fake_real_medicine_00057,"../raw/kaggle_fake_real/dataset/Fake/Screenshot 2025-09-17 180631.png",counterfeit,clean,"",
kaggle_fake_real_medicine_00058,"../raw/kaggle_fake_real/dataset/Fake/Screenshot 2025-09-17 180704.png",counterfeit,clean,"",
kaggle_fake_real_medicine_00059,"../raw/kaggle_fake_real/dataset/Fake/Screenshot 2025-09-17 180714.png",counterfeit,clean,"",
kaggle_fake_real_medicine_00060,"../raw/kaggle_fake_real/dataset/Fake/Screenshot 2025-09-17 180738.png",counterfeit,clean,"",
kaggle_fake_real_medicine_00061,"../raw/kaggle_fake_real/dataset/Fake/Screenshot 2025-09-17 180755.png",counterfeit,clean,"",
kaggle_fake_real_medicine_00062,"../raw/kaggle_fake_real/dataset/Fake/Screenshot 2025-09-17 180820.png",counterfeit,clean,"",
kaggle_fake_real_medicine_00063,"../raw/kaggle_fake_real/dataset/Fake/Screenshot 2025-09-17 180831.png",counterfeit,clean,"",
kaggle_fake_real_medicine_00064,"../raw/kaggle_fake_real/dataset/Fake/Screenshot 2025-09-17 180900.png",counterfeit,clean,"",
kaggle_fake_real_medicine_00065,"../raw/kaggle_fake_real/dataset/Fake/Screenshot 2025-09-17 180914.png",counterfeit,clean,"",
kaggle_fake_real_medicine_00066,"../raw/kaggle_fake_real/dataset/Fake/Screenshot 2025-09-17 181023.png",counterfeit,clean,"",
kaggle_fake_real_medicine_00067,"../raw/kaggle_fake_real/dataset/Fake/Screenshot 2025-09-17 181033.png",counterfeit,clean,"",
kaggle_fake_real_medicine_00068,"../raw/kaggle_fake_real/dataset/Fake/Screenshot 2025-09-17 181046.png",counterfeit,clean,"",
kaggle_fake_real_medicine_00069,"../raw/kaggle_fake_real/dataset/Fake/Screenshot 2025-09-17 181100.png",counterfeit,clean,"",
kaggle_fake_real_medicine_00070,"../raw/kaggle_fake_real/dataset/Fake/Screenshot 2025-09-17 181154.png",counterfeit,clean,"",
kaggle_fake_real_medicine_00071,"../raw/kaggle_fake_real/dataset/Fake/Screenshot 2025-09-17 181208.png",counterfeit,clean,"",
kaggle_fake_real_medicine_00072,"../raw/kaggle_fake_real/dataset/Fake/Screenshot 2025-09-17 181249.png",counterfeit,clean,"",
kaggle_fake_real_medicine_00073,"../raw/kaggle_fake_real/dataset/Fake/Screenshot 2025-09-17 181305.png",counterfeit,clean,"",
kaggle_fake_real_medicine_00074,"../raw/kaggle_fake_real/dataset/Fake/Screenshot 2025-09-17 181320.png",counterfeit,clean,"",
kaggle_fake_real_medicine_00075,"../raw/kaggle_fake_real/dataset/Fake/Screenshot 2025-09-17 181403.png",counterfeit,clean,"",
kaggle_fake_real_medicine_00076,"../raw/kaggle_fake_real/dataset/Fake/Screenshot 2025-09-17 181623.png",counterfeit,clean,"",
kaggle_fake_real_medicine_00077,"../raw/kaggle_fake_real/dataset/Fake/Screenshot 2025-09-17 181642.png",counterfeit,clean,"",
kaggle_fake_real_medicine_00078,"../raw/kaggle_fake_real/dataset/Fake/Screenshot 2025-09-17 181712.png",counterfeit,clean,"",
kaggle_fake_real_medicine_00079,"../raw/kaggle_fake_real/dataset/Fake/Screenshot 2025-09-17 181729.png",counterfeit,clean,"",
kaggle_fake_real_medicine_00080,"../raw/kaggle_fake_real/dataset/Fake/Screenshot 2025-09-17 181739.png",counterfeit,clean,"",
kaggle_fake_real_medicine_00081,"../raw/kaggle_fake_real/dataset/Fake/Screenshot 2025-09-17 181806.png",counterfeit,clean,"",
kaggle_fake_real_medicine_00082,"../raw/kaggle_fake_real/dataset/Fake/Screenshot 2025-09-17 181821.png",counterfeit,clean,"",
kaggle_fake_real_medicine_00083,"../raw/kaggle_fake_real/dataset/Fake/Screenshot 2025-09-17 181900.png",counterfeit,clean,"",
kaggle_fake_real_medicine_00084,"../raw/kaggle_fake_real/dataset/Fake/Screenshot 2025-09-17 181918.png",counterfeit,clean,"",
kaggle_fake_real_medicine_00085,"../raw/kaggle_fake_real/dataset/Fake/Screenshot 2025-09-17 181935.png",counterfeit,clean,"",
kaggle_fake_real_medicine_00086,"../raw/kaggle_fake_real/dataset/Fake/Screenshot 2025-09-17 181949.png",counterfeit,clean,"",
kaggle_fake_real_medicine_00087,"../raw/kaggle_fake_real/dataset/Fake/Screenshot 2025-09-17 182524.png",counterfeit,clean,"",
kaggle_fake_real_medicine_00088,"../raw/kaggle_fake_real/dataset/Fake/Screenshot 2025-09-17 182551.png",counterfeit,clean,"",
kaggle_fake_real_medicine_00089,"../raw/kaggle_fake_real/dataset/Fake/Screenshot 2025-09-17 182616.png",counterfeit,clean,"",
kaggle_fake_real_medicine_00090,"../raw/kaggle_fake_real/dataset/Fake/Screenshot 2025-09-17 182631.png",counterfeit,clean,"",
kaggle_fake_real_medicine_00091,"../raw/kaggle_fake_real/dataset/Fake/Screenshot 2025-09-17 182646.png",counterfeit,clean,"",
kaggle_fake_real_medicine_00092,"../raw/kaggle_fake_real/dataset/Fake/Screenshot 2025-09-17 182721.png",counterfeit,clean,"",
kaggle_fake_real_medicine_00093,"../raw/kaggle_fake_real/dataset/Fake/Screenshot 2025-09-17 182741.png",counterfeit,clean,"",
kaggle_fake_real_medicine_00094,"../raw/kaggle_fake_real/dataset/Fake/Screenshot 2025-09-17 182752.png",counterfeit,clean,"",
kaggle_fake_real_medicine_00095,"../raw/kaggle_fake_real/dataset/Fake/Screenshot 2025-09-17 182825.png",counterfeit,clean,"",
kaggle_fake_real_medicine_00096,"../raw/kaggle_fake_real/dataset/Fake/Screenshot 2025-09-17 182845.png",counterfeit,clean,"",
kaggle_fake_real_medicine_00097,"../raw/kaggle_fake_real/dataset/Fake/Screenshot 2025-09-17 182902.png",counterfeit,clean,"",
kaggle_fake_real_medicine_00098,"../raw/kaggle_fake_real/dataset/Fake/Screenshot 2025-09-17 182916.png",counterfeit,clean,"",
kaggle_fake_real_medicine_00099,"../raw/kaggle_fake_real/dataset/Fake/Screenshot 2025-09-17 182939.png",counterfeit,clean,"",
kaggle_fake_real_medicine_00100,"../raw/kaggle_fake_real/dataset/Fake/Screenshot 2025-09-17 182951.png",counterfeit,clean,"",
kaggle_fake_real_medicine_00101,"../raw/kaggle_fake_real/dataset/Fake/Screenshot 2025-09-17 183005.png",counterfeit,clean,"",
kaggle_fake_real_medicine_00102,"../raw/kaggle_fake_real/dataset/Fake/Screenshot 2025-09-17 183015.png",counterfeit,clean,"",
kaggle_fake_real_medicine_00103,"../raw/kaggle_fake_real/dataset/Fake/Screenshot 2025-09-17 183039.png",counterfeit,clean,"",
kaggle_fake_real_medicine_00104,"../raw/kaggle_fake_real/dataset/Fake/Screenshot 2025-09-17 183148.png",counterfeit,clean,"",
kaggle_fake_real_medicine_00105,"../raw/kaggle_fake_real/dataset/Fake/Screenshot 2025-09-17 183214.png",counterfeit,clean,"",
kaggle_fake_real_medicine_00106,"../raw/kaggle_fake_real/dataset/Fake/Screenshot 2025-09-17 183232.png",counterfeit,clean,"",
kaggle_fake_real_medicine_00107,"../raw/kaggle_fake_real/dataset/Fake/Screenshot 2025-09-17 183249.png",counterfeit,clean,"",
kaggle_fake_real_medicine_00108,"../raw/kaggle_fake_real/dataset/Fake/Screenshot 2025-09-17 183304.png",counterfeit,clean,"",
kaggle_fake_real_medicine_00109,"../raw/kaggle_fake_real/dataset/Fake/Screenshot 2025-09-17 183339.png",counterfeit,clean,"",
kaggle_fake_real_medicine_00110,"../raw/kaggle_fake_real/dataset/Fake/Screenshot 2025-09-17 183358.png",counterfeit,clean,"",
kaggle_fake_real_medicine_00111,"../raw/kaggle_fake_real/dataset/Fake/Screenshot 2025-09-17 183420.png",counterfeit,clean,"",
kaggle_fake_real_medicine_00112,"../raw/kaggle_fake_real/dataset/Fake/Screenshot 2025-09-17 183436.png",counterfeit,clean,"",
kaggle_fake_real_medicine_00113,"../raw/kaggle_fake_real/dataset/Fake/Screenshot 2025-09-17 183451.png",counterfeit,clean,"",
kaggle_fake_real_medicine_00114,"../raw/kaggle_fake_real/dataset/Fake/Screenshot 2025-09-17 183521.png",counterfeit,clean,"",
kaggle_fake_real_medicine_00115,"../raw/kaggle_fake_real/dataset/Fake/Screenshot 2025-09-17 183535.png",counterfeit,clean,"",
kaggle_fake_real_medicine_00116,"../raw/kaggle_fake_real/dataset/Fake/Screenshot 2025-09-17 183651.png",counterfeit,clean,"",
kaggle_fake_real_medicine_00117,"../raw/kaggle_fake_real/dataset/Fake/Screenshot 2025-09-17 183703.png",counterfeit,clean,"",
kaggle_fake_real_medicine_00118,"../raw/kaggle_fake_real/dataset/Fake/Screenshot 2025-09-17 183719.png",counterfeit,clean,"",
kaggle_fake_real_medicine_00119,"../raw/kaggle_fake_real/dataset/Fake/Screenshot 2025-09-17 183734.png",counterfeit,clean,"",
kaggle_fake_real_medicine_00120,"../raw/kaggle_fake_real/dataset/Fake/Screenshot 2025-09-17 183746.png",counterfeit,clean,"",
kaggle_fake_real_medicine_00121,"../raw/kaggle_fake_real/dataset/Fake/Screenshot 2025-09-17 183814.png",counterfeit,clean,"",
kaggle_fake_real_medicine_00122,"../raw/kaggle_fake_real/dataset/Fake/Screenshot 2025-09-17 183824.png",counterfeit,clean,"",
kaggle_fake_real_medicine_00123,"../raw/kaggle_fake_real/dataset/Fake/Screenshot 2025-09-17 183838.png",counterfeit,clean,"",
kaggle_fake_real_medicine_00124,"../raw/kaggle_fake_real/dataset/Fake/Screenshot 2025-09-17 183849.png",counterfeit,clean,"",
kaggle_fake_real_medicine_00125,"../raw/kaggle_fake_real/dataset/Fake/Screenshot 2025-09-17 183919.png",counterfeit,clean,"",
kaggle_fake_real_medicine_00126,"../raw/kaggle_fake_real/dataset/Fake/Screenshot 2025-09-17 183931.png",counterfeit,clean,"",
kaggle_fake_real_medicine_00127,"../raw/kaggle_fake_real/dataset/Fake/Screenshot 2025-09-17 183954.png",counterfeit,clean,"",
kaggle_fake_real_medicine_00128,"../raw/kaggle_fake_real/dataset/Fake/Screenshot 2025-09-17 184040.png",counterfeit,clean,"",
kaggle_fake_real_medicine_00129,"../raw/kaggle_fake_real/dataset/Fake/Screenshot 2025-09-17 184051.png",counterfeit,clean,"",
kaggle_fake_real_medicine_00130,"../raw/kaggle_fake_real/dataset/Fake/Screenshot 2025-09-17 184104.png",counterfeit,clean,"",
kaggle_fake_real_medicine_00131,"../raw/kaggle_fake_real/dataset/Fake/Screenshot 2025-09-17 184149.png",counterfeit,clean,"",
kaggle_fake_real_medicine_00132,"../raw/kaggle_fake_real/dataset/Fake/Screenshot 2025-09-17 184219.png",counterfeit,clean,"",
kaggle_fake_real_medicine_00133,"../raw/kaggle_fake_real/dataset/Fake/Screenshot 2025-09-17 184308.png",counterfeit,clean,"",
kaggle_fake_real_medicine_00134,"../raw/kaggle_fake_real/dataset/Fake/Screenshot 2025-09-17 184323.png",counterfeit,clean,"",
kaggle_fake_real_medicine_00135,"../raw/kaggle_fake_real/dataset/Fake/Screenshot 2025-09-17 184353.png",counterfeit,clean,"",
kaggle_fake_real_medicine_00136,"../raw/kaggle_fake_real/dataset/Fake/Screenshot 2025-09-17 184403.png",counterfeit,clean,"",
kaggle_fake_real_medicine_00137,"../raw/kaggle_fake_real/dataset/Fake/Screenshot 2025-09-17 184438.png",counterfeit,clean,"",
kaggle_fake_real_medicine_00138,"../raw/kaggle_fake_real/dataset/Fake/Screenshot 2025-09-17 184449.png",counterfeit,clean,"",
kaggle_fake_real_medicine_00139,"../raw/kaggle_fake_real/dataset/Fake/Screenshot 2025-09-17 184523.png",counterfeit,clean,"",
kaggle_fake_real_medicine_00140,"../raw/kaggle_fake_real/dataset/Fake/Screenshot 2025-09-17 184536.png",counterfeit,clean,"",
kaggle_fake_real_medicine_00141,"../raw/kaggle_fake_real/dataset/Fake/Screenshot 2025-09-17 184607.png",counterfeit,clean,"",
kaggle_fake_real_medicine_00142,"../raw/kaggle_fake_real/dataset/Fake/Screenshot 2025-09-17 184622.png",counterfeit,clean,"",
kaggle_fake_real_medicine_00143,"../raw/kaggle_fake_real/dataset/Fake/Screenshot 2025-09-17 184635.png",counterfeit,clean,"",
kaggle_fake_real_medicine_00144,"../raw/kaggle_fake_real/dataset/Fake/Screenshot 2025-09-17 184649.png",counterfeit,clean,"",
kaggle_fake_real_medicine_00145,"../raw/kaggle_fake_real/dataset/Fake/Screenshot 2025-09-17 184702.png",counterfeit,clean,"",
kaggle_fake_real_medicine_00146,"../raw/kaggle_fake_real/dataset/Fake/Screenshot 2025-09-17 184728.png",counterfeit,clean,"",
kaggle_fake_real_medicine_00147,"../raw/kaggle_fake_real/dataset/Fake/Screenshot 2025-09-17 184740.png",counterfeit,clean,"",
kaggle_fake_real_medicine_00148,"../raw/kaggle_fake_real/dataset/Fake/Screenshot 2025-09-17 184809.png",counterfeit,clean,"",
kaggle_fake_real_medicine_00149,"../raw/kaggle_fake_real/dataset/Fake/Screenshot 2025-09-17 184818.png",counterfeit,clean,"",
kaggle_fake_real_medicine_00150,"../raw/kaggle_fake_real/dataset/Fake/Screenshot 2025-09-17 184830.png",counterfeit,clean,"",
kaggle_fake_real_medicine_00151,"../raw/kaggle_fake_real/dataset/Fake/Screenshot 2025-09-17 184843.png",counterfeit,clean,"",
kaggle_fake_real_medicine_00152,"../raw/kaggle_fake_real/dataset/Fake/Screenshot 2025-09-17 184936.png",counterfeit,clean,"",
kaggle_fake_real_medicine_00153,"../raw/kaggle_fake_real/dataset/Fake/Screenshot 2025-09-17 184945.png",counterfeit,clean,"",
kaggle_fake_real_medicine_00154,"../raw/kaggle_fake_real/dataset/Fake/Screenshot 2025-09-17 184957.png",counterfeit,clean,"",
kaggle_fake_real_medicine_00155,"../raw/kaggle_fake_real/dataset/Fake/Screenshot 2025-09-17 185007.png",counterfeit,clean,"",
kaggle_fake_real_medicine_00156,"../raw/kaggle_fake_real/dataset/Fake/Screenshot 2025-09-17 185018.png",counterfeit,clean,"",
kaggle_fake_real_medicine_00157,"../raw/kaggle_fake_real/dataset/Fake/Screenshot 2025-09-17 185753.png",counterfeit,clean,"",
kaggle_fake_real_medicine_00158,"../raw/kaggle_fake_real/dataset/Fake/Screenshot 2025-09-17 190839.png",counterfeit,clean,"",
kaggle_fake_real_medicine_00159,"../raw/kaggle_fake_real/dataset/Fake/Screenshot 2025-09-17 190900.png",counterfeit,clean,"",
kaggle_fake_real_medicine_00160,"../raw/kaggle_fake_real/dataset/Fake/Screenshot 2025-09-17 190918.png",counterfeit,clean,"",
kaggle_fake_real_medicine_00161,"../raw/kaggle_fake_real/dataset/Fake/Screenshot 2025-09-17 190932.png",counterfeit,clean,"",
kaggle_fake_real_medicine_00162,"../raw/kaggle_fake_real/dataset/Fake/Screenshot 2025-09-17 190943.png",counterfeit,clean,"",
kaggle_fake_real_medicine_00163,"../raw/kaggle_fake_real/dataset/Fake/Screenshot 2025-09-17 190956.png",counterfeit,clean,"",
kaggle_fake_real_medicine_00164,"../raw/kaggle_fake_real/dataset/Fake/Screenshot 2025-09-17 191148.png",counterfeit,clean,"",unsure
kaggle_fake_real_medicine_00165,"../raw/kaggle_fake_real/dataset/Fake/Screenshot 2025-09-17 191200.png",counterfeit,clean,"",
kaggle_fake_real_medicine_00166,"../raw/kaggle_fake_real/dataset/Fake/Screenshot 2025-09-17 191223.png",counterfeit,clean,"",
kaggle_fake_real_medicine_00167,"../raw/kaggle_fake_real/dataset/Fake/Screenshot 2025-09-17 191251.png",counterfeit,clean,"",
kaggle_fake_real_medicine_00168,"../raw/kaggle_fake_real/dataset/Fake/Screenshot 2025-09-17 191308.png",counterfeit,clean,"",
kaggle_fake_real_medicine_00169,"../raw/kaggle_fake_real/dataset/Fake/Screenshot 2025-09-17 191346.png",counterfeit,clean,"",
kaggle_fake_real_medicine_00170,"../raw/kaggle_fake_real/dataset/Fake/Screenshot 2025-09-17 191358.png",counterfeit,clean,"",
kaggle_fake_real_medicine_00171,"../raw/kaggle_fake_real/dataset/Fake/Screenshot 2025-09-17 191737.png",counterfeit,clean,"",
kaggle_fake_real_medicine_00172,"../raw/kaggle_fake_real/dataset/Fake/Screenshot 2025-09-17 191750.png",counterfeit,clean,"",
kaggle_fake_real_medicine_00173,"../raw/kaggle_fake_real/dataset/Fake/Screenshot 2025-09-17 191818.png",counterfeit,clean,"",
kaggle_fake_real_medicine_00174,"../raw/kaggle_fake_real/dataset/Fake/Screenshot 2025-09-17 191833.png",counterfeit,clean,"",
kaggle_fake_real_medicine_00175,"../raw/kaggle_fake_real/dataset/Fake/Screenshot 2025-09-17 191903.png",counterfeit,clean,"",
kaggle_fake_real_medicine_00176,"../raw/kaggle_fake_real/dataset/Fake/Screenshot 2025-09-17 191920.png",counterfeit,clean,"",
kaggle_fake_real_medicine_00177,"../raw/kaggle_fake_real/dataset/Fake/Screenshot 2025-09-17 191940.png",counterfeit,clean,"",
kaggle_fake_real_medicine_00178,"../raw/kaggle_fake_real/dataset/Fake/Screenshot 2025-09-17 191959.png",counterfeit,clean,"",
kaggle_fake_real_medicine_00179,"../raw/kaggle_fake_real/dataset/Fake/Screenshot 2025-09-17 192042.png",counterfeit,clean,"",
kaggle_fake_real_medicine_00180,"../raw/kaggle_fake_real/dataset/Fake/Screenshot 2025-09-17 192053.png",counterfeit,clean,"",
kaggle_fake_real_medicine_00181,"../raw/kaggle_fake_real/dataset/Fake/Screenshot 2025-09-17 192129.png",counterfeit,clean,"",
kaggle_fake_real_medicine_00182,"../raw/kaggle_fake_real/dataset/Fake/Screenshot 2025-09-17 192142.png",counterfeit,clean,"",
kaggle_fake_real_medicine_00183,"../raw/kaggle_fake_real/dataset/Fake/Screenshot 2025-09-17 192244.png",counterfeit,clean,"",
kaggle_fake_real_medicine_00184,"../raw/kaggle_fake_real/dataset/Fake/Screenshot 2025-09-17 192306.png",counterfeit,clean,"",
kaggle_fake_real_medicine_00185,"../raw/kaggle_fake_real/dataset/Fake/Screenshot 2025-09-17 192318.png",counterfeit,clean,"",
kaggle_fake_real_medicine_00186,"../raw/kaggle_fake_real/dataset/Fake/Screenshot 2025-09-17 192328.png",counterfeit,clean,"",
kaggle_fake_real_medicine_00187,"../raw/kaggle_fake_real/dataset/Fake/Screenshot 2025-09-17 192426.png",counterfeit,clean,"",
kaggle_fake_real_medicine_00188,"../raw/kaggle_fake_real/dataset/Fake/Screenshot 2025-09-17 192445.png",counterfeit,clean,"",
kaggle_fake_real_medicine_00189,"../raw/kaggle_fake_real/dataset/Fake/Screenshot 2025-09-17 192504.png",counterfeit,clean,"",
kaggle_fake_real_medicine_00190,"../raw/kaggle_fake_real/dataset/Fake/Screenshot 2025-09-17 192515.png",counterfeit,clean,"",
kaggle_fake_real_medicine_00191,"../raw/kaggle_fake_real/dataset/Fake/Screenshot 2025-09-17 192525.png",counterfeit,clean,"",
kaggle_fake_real_medicine_00192,"../raw/kaggle_fake_real/dataset/Fake/Screenshot 2025-09-17 192555.png",counterfeit,clean,"",
kaggle_fake_real_medicine_00193,"../raw/kaggle_fake_real/dataset/Fake/Screenshot 2025-09-17 192605.png",counterfeit,clean,"",
kaggle_fake_real_medicine_00194,"../raw/kaggle_fake_real/dataset/Fake/Screenshot 2025-09-17 192628.png",counterfeit,clean,"",
kaggle_fake_real_medicine_00195,"../raw/kaggle_fake_real/dataset/Fake/Screenshot 2025-09-17 192641.png",counterfeit,clean,"",
kaggle_fake_real_medicine_00196,"../raw/kaggle_fake_real/dataset/Fake/Screenshot 2025-09-17 192708.png",counterfeit,clean,"",
kaggle_fake_real_medicine_00197,"../raw/kaggle_fake_real/dataset/Fake/Screenshot 2025-09-17 192722.png",counterfeit,clean,"",
kaggle_fake_real_medicine_00198,"../raw/kaggle_fake_real/dataset/Fake/Screenshot 2025-09-17 192735.png",counterfeit,clean,"",
kaggle_fake_real_medicine_00199,"../raw/kaggle_fake_real/dataset/Fake/Screenshot 2025-09-17 192750.png",counterfeit,clean,"",
kaggle_fake_real_medicine_00200,"../raw/kaggle_fake_real/dataset/Fake/Screenshot 2025-09-17 192842.png",counterfeit,clean,"",
kaggle_fake_real_medicine_00201,"../raw/kaggle_fake_real/dataset/Fake/Screenshot 2025-09-17 192859.png",counterfeit,clean,"",
kaggle_fake_real_medicine_00202,"../raw/kaggle_fake_real/dataset/Fake/Screenshot 2025-09-17 192938.png",counterfeit,clean,"",
kaggle_fake_real_medicine_00203,"../raw/kaggle_fake_real/dataset/Fake/Screenshot 2025-09-17 192948.png",counterfeit,clean,"",
kaggle_fake_real_medicine_00204,"../raw/kaggle_fake_real/dataset/Fake/Screenshot 2025-09-17 193010.png",counterfeit,clean,"",
kaggle_fake_real_medicine_00205,"../raw/kaggle_fake_real/dataset/Fake/Screenshot 2025-09-17 193220.png",counterfeit,clean,"",
kaggle_fake_real_medicine_00206,"../raw/kaggle_fake_real/dataset/Fake/Screenshot 2025-09-17 193233.png",counterfeit,clean,"",
kaggle_fake_real_medicine_00207,"../raw/kaggle_fake_real/dataset/Fake/Screenshot 2025-09-17 193246.png",counterfeit,clean,"",
kaggle_fake_real_medicine_00208,"../raw/kaggle_fake_real/dataset/Fake/Screenshot 2025-09-17 193345.png",counterfeit,clean,"",
kaggle_fake_real_medicine_00209,"../raw/kaggle_fake_real/dataset/Fake/Screenshot 2025-09-17 193356.png",counterfeit,clean,"",
kaggle_fake_real_medicine_00210,"../raw/kaggle_fake_real/dataset/Fake/Screenshot 2025-09-17 193406.png",counterfeit,clean,"",
kaggle_fake_real_medicine_00211,"../raw/kaggle_fake_real/dataset/Fake/Screenshot 2025-09-17 193416.png",counterfeit,clean,"",
kaggle_fake_real_medicine_00212,"../raw/kaggle_fake_real/dataset/Fake/Screenshot 2025-09-17 193433.png",counterfeit,clean,"",
kaggle_fake_real_medicine_00213,"../raw/kaggle_fake_real/dataset/Fake/Screenshot 2025-09-17 193443.png",counterfeit,clean,"",
kaggle_fake_real_medicine_00214,"../raw/kaggle_fake_real/dataset/Fake/Screenshot 2025-09-17 193507.png",counterfeit,clean,"",
kaggle_fake_real_medicine_00215,"../raw/kaggle_fake_real/dataset/Fake/Screenshot 2025-09-17 193532.png",counterfeit,clean,"",
kaggle_fake_real_medicine_00216,"../raw/kaggle_fake_real/dataset/Fake/Screenshot 2025-09-17 193545.png",counterfeit,clean,"",
kaggle_fake_real_medicine_00217,"../raw/kaggle_fake_real/dataset/Fake/Screenshot 2025-09-17 193556.png",counterfeit,clean,"",
kaggle_fake_real_medicine_00218,"../raw/kaggle_fake_real/dataset/Fake/Screenshot 2025-09-17 193608.png",counterfeit,clean,"",
kaggle_fake_real_medicine_00219,"../raw/kaggle_fake_real/dataset/Fake/Screenshot 2025-09-17 193643.png",counterfeit,clean,"",
kaggle_fake_real_medicine_00220,"../raw/kaggle_fake_real/dataset/Fake/Screenshot 2025-09-17 193654.png",counterfeit,clean,"",
kaggle_fake_real_medicine_00221,"../raw/kaggle_fake_real/dataset/Fake/Screenshot 2025-09-17 193719.png",counterfeit,clean,"",
kaggle_fake_real_medicine_00222,"../raw/kaggle_fake_real/dataset/Fake/Screenshot 2025-09-17 193729.png",counterfeit,clean,"",
kaggle_fake_real_medicine_00223,"../raw/kaggle_fake_real/dataset/Fake/Screenshot 2025-09-17 193759.png",counterfeit,clean,"",
kaggle_fake_real_medicine_00224,"../raw/kaggle_fake_real/dataset/Fake/Screenshot 2025-09-17 193813.png",counterfeit,clean,"",
kaggle_fake_real_medicine_00225,"../raw/kaggle_fake_real/dataset/Fake/Screenshot 2025-09-17 193823.png",counterfeit,clean,"",
kaggle_fake_real_medicine_00226,"../raw/kaggle_fake_real/dataset/Fake/Screenshot 2025-09-17 193846.png",counterfeit,clean,"",
kaggle_fake_real_medicine_00227,"../raw/kaggle_fake_real/dataset/Fake/Screenshot 2025-09-17 193855.png",counterfeit,clean,"",
kaggle_fake_real_medicine_00228,"../raw/kaggle_fake_real/dataset/Fake/Screenshot 2025-09-17 193915.png",counterfeit,clean,"",
kaggle_fake_real_medicine_00229,"../raw/kaggle_fake_real/dataset/Fake/Screenshot 2025-09-17 193931.png",counterfeit,clean,"",
kaggle_fake_real_medicine_00230,"../raw/kaggle_fake_real/dataset/Fake/Screenshot 2025-09-17 194007.png",counterfeit,clean,"",
kaggle_fake_real_medicine_00231,"../raw/kaggle_fake_real/dataset/Fake/Screenshot 2025-09-17 194021.png",counterfeit,clean,"",
kaggle_fake_real_medicine_00232,"../raw/kaggle_fake_real/dataset/Fake/Screenshot 2025-09-17 194040.png",counterfeit,clean,"",
kaggle_fake_real_medicine_00233,"../raw/kaggle_fake_real/dataset/Fake/Screenshot 2025-09-17 194058.png",counterfeit,clean,"",
kaggle_fake_real_medicine_00234,"../raw/kaggle_fake_real/dataset/Fake/Screenshot 2025-09-17 194110.png",counterfeit,clean,"",
kaggle_fake_real_medicine_00235,"../raw/kaggle_fake_real/dataset/Fake/Screenshot 2025-09-17 194130.png",counterfeit,clean,"",
kaggle_fake_real_medicine_00236,"../raw/kaggle_fake_real/dataset/Fake/Screenshot 2025-09-17 194141.png",counterfeit,clean,"",
kaggle_fake_real_medicine_00237,"../raw/kaggle_fake_real/dataset/Fake/Screenshot 2025-09-17 194224.png",counterfeit,clean,"",
kaggle_fake_real_medicine_00238,"../raw/kaggle_fake_real/dataset/Fake/Screenshot 2025-09-17 194256.png",counterfeit,clean,"",
kaggle_fake_real_medicine_00239,"../raw/kaggle_fake_real/dataset/Fake/Screenshot 2025-09-17 194307.png",counterfeit,clean,"",
kaggle_fake_real_medicine_00240,"../raw/kaggle_fake_real/dataset/Real/images02.jpg",authentic,clean,"",
kaggle_fake_real_medicine_00241,"../raw/kaggle_fake_real/dataset/Real/images03.jpg",authentic,clean,"",
kaggle_fake_real_medicine_00242,"../raw/kaggle_fake_real/dataset/Real/images04.jpg",authentic,clean,"",
kaggle_fake_real_medicine_00243,"../raw/kaggle_fake_real/dataset/Real/images06.jpg",authentic,clean,"",
kaggle_fake_real_medicine_00244,"../raw/kaggle_fake_real/dataset/Real/images07.jpg",authentic,clean,"",
kaggle_fake_real_medicine_00245,"../raw/kaggle_fake_real/dataset/Real/images09.jpg",authentic,clean,"",
kaggle_fake_real_medicine_00246,"../raw/kaggle_fake_real/dataset/Real/images11.jpg",authentic,clean,"",
kaggle_fake_real_medicine_00247,"../raw/kaggle_fake_real/dataset/Real/images12.jpg",authentic,clean,"",
kaggle_fake_real_medicine_00248,"../raw/kaggle_fake_real/dataset/Real/images13.jpg",authentic,clean,"",
kaggle_fake_real_medicine_00249,"../raw/kaggle_fake_real/dataset/Real/images15.jpg",authentic,clean,"",
kaggle_fake_real_medicine_00250,"../raw/kaggle_fake_real/dataset/Real/images16.jpg",authentic,clean,"",
kaggle_fake_real_medicine_00251,"../raw/kaggle_fake_real/dataset/Real/images17.jpg",authentic,clean,"",
kaggle_fake_real_medicine_00252,"../raw/kaggle_fake_real/dataset/Real/images18.jpg",authentic,clean,"",
kaggle_fake_real_medicine_00253,"../raw/kaggle_fake_real/dataset/Real/images20.jpg",authentic,clean,"",
kaggle_fake_real_medicine_00254,"../raw/kaggle_fake_real/dataset/Real/images201.jpg",authentic,clean,"",
kaggle_fake_real_medicine_00255,"../raw/kaggle_fake_real/dataset/Real/images203.jpg",authentic,clean,"",
kaggle_fake_real_medicine_00256,"../raw/kaggle_fake_real/dataset/Real/images205.jpg",authentic,clean,"",
kaggle_fake_real_medicine_00257,"../raw/kaggle_fake_real/dataset/Real/images206.jpg",authentic,clean,"",
kaggle_fake_real_medicine_00258,"../raw/kaggle_fake_real/dataset/Real/images207.jpg",authentic,clean,"",
kaggle_fake_real_medicine_00259,"../raw/kaggle_fake_real/dataset/Real/images209.jpg",authentic,clean,"",
kaggle_fake_real_medicine_00260,"../raw/kaggle_fake_real/dataset/Real/images210.jpg",authentic,clean,"",
kaggle_fake_real_medicine_00261,"../raw/kaggle_fake_real/dataset/Real/images211.jpg",authentic,clean,"",
kaggle_fake_real_medicine_00262,"../raw/kaggle_fake_real/dataset/Real/images213.jpg",authentic,clean,"",
kaggle_fake_real_medicine_00263,"../raw/kaggle_fake_real/dataset/Real/images214.jpg",authentic,clean,"",
kaggle_fake_real_medicine_00264,"../raw/kaggle_fake_real/dataset/Real/images215.jpg",authentic,clean,"",
kaggle_fake_real_medicine_00265,"../raw/kaggle_fake_real/dataset/Real/images22.jpg",authentic,clean,"",
kaggle_fake_real_medicine_00266,"../raw/kaggle_fake_real/dataset/Real/images220.jpg",authentic,clean,"",
kaggle_fake_real_medicine_00267,"../raw/kaggle_fake_real/dataset/Real/images222.jpg",authentic,clean,"",
kaggle_fake_real_medicine_00268,"../raw/kaggle_fake_real/dataset/Real/images223.jpg",authentic,clean,"",
kaggle_fake_real_medicine_00269,"../raw/kaggle_fake_real/dataset/Real/images224.jpg",authentic,clean,"",
kaggle_fake_real_medicine_00270,"../raw/kaggle_fake_real/dataset/Real/images225.jpg",authentic,clean,"",
kaggle_fake_real_medicine_00271,"../raw/kaggle_fake_real/dataset/Real/images226.jpg",authentic,clean,"",
kaggle_fake_real_medicine_00272,"../raw/kaggle_fake_real/dataset/Real/images227.jpg",authentic,clean,"",
kaggle_fake_real_medicine_00273,"../raw/kaggle_fake_real/dataset/Real/images228.jpg",authentic,clean,"",
kaggle_fake_real_medicine_00274,"../raw/kaggle_fake_real/dataset/Real/images229.jpg",authentic,clean,"",
kaggle_fake_real_medicine_00275,"../raw/kaggle_fake_real/dataset/Real/images23.jpg",authentic,clean,"",
kaggle_fake_real_medicine_00276,"../raw/kaggle_fake_real/dataset/Real/images230.jpg",authentic,clean,"",
kaggle_fake_real_medicine_00277,"../raw/kaggle_fake_real/dataset/Real/images231.jpg",authentic,clean,"",
kaggle_fake_real_medicine_00278,"../raw/kaggle_fake_real/dataset/Real/images232.jpg",authentic,clean,"",
kaggle_fake_real_medicine_00279,"../raw/kaggle_fake_real/dataset/Real/images233.jpg",authentic,clean,"",
kaggle_fake_real_medicine_00280,"../raw/kaggle_fake_real/dataset/Real/images234.jpg",authentic,clean,"",
kaggle_fake_real_medicine_00281,"../raw/kaggle_fake_real/dataset/Real/images235.jpg",authentic,clean,"",
kaggle_fake_real_medicine_00282,"../raw/kaggle_fake_real/dataset/Real/images237.jpg",authentic,clean,"",
kaggle_fake_real_medicine_00283,"../raw/kaggle_fake_real/dataset/Real/images238.jpg",authentic,clean,"",
kaggle_fake_real_medicine_00284,"../raw/kaggle_fake_real/dataset/Real/images239.jpg",authentic,clean,"",
kaggle_fake_real_medicine_00285,"../raw/kaggle_fake_real/dataset/Real/images24.jpg",authentic,clean,"",
kaggle_fake_real_medicine_00286,"../raw/kaggle_fake_real/dataset/Real/images240.jpg",authentic,clean,"",
kaggle_fake_real_medicine_00287,"../raw/kaggle_fake_real/dataset/Real/images241.jpg",authentic,clean,"",
kaggle_fake_real_medicine_00288,"../raw/kaggle_fake_real/dataset/Real/images243.jpg",authentic,clean,"",
kaggle_fake_real_medicine_00289,"../raw/kaggle_fake_real/dataset/Real/images244.jpg",authentic,clean,"",
kaggle_fake_real_medicine_00290,"../raw/kaggle_fake_real/dataset/Real/images246.jpg",authentic,clean,"",
kaggle_fake_real_medicine_00291,"../raw/kaggle_fake_real/dataset/Real/images247.jpg",authentic,clean,"",watermark
kaggle_fake_real_medicine_00292,"../raw/kaggle_fake_real/dataset/Real/images248.jpg",authentic,clean,"",
kaggle_fake_real_medicine_00293,"../raw/kaggle_fake_real/dataset/Real/images249.jpg",authentic,clean,"",
kaggle_fake_real_medicine_00294,"../raw/kaggle_fake_real/dataset/Real/images250.jpg",authentic,clean,"",
kaggle_fake_real_medicine_00295,"../raw/kaggle_fake_real/dataset/Real/images251.jpg",authentic,clean,"",
kaggle_fake_real_medicine_00296,"../raw/kaggle_fake_real/dataset/Real/images253.jpg",authentic,clean,"",
kaggle_fake_real_medicine_00297,"../raw/kaggle_fake_real/dataset/Real/images254.jpg",authentic,clean,"",
kaggle_fake_real_medicine_00298,"../raw/kaggle_fake_real/dataset/Real/images255.jpg",authentic,clean,"",
kaggle_fake_real_medicine_00299,"../raw/kaggle_fake_real/dataset/Real/images257.jpg",authentic,clean,"",
kaggle_fake_real_medicine_00300,"../raw/kaggle_fake_real/dataset/Real/images258.jpg",authentic,clean,"",
kaggle_fake_real_medicine_00301,"../raw/kaggle_fake_real/dataset/Real/images259.jpg",authentic,clean,"",
kaggle_fake_real_medicine_00302,"../raw/kaggle_fake_real/dataset/Real/images260.jpg",authentic,clean,"",
kaggle_fake_real_medicine_00303,"../raw/kaggle_fake_real/dataset/Real/images261.jpg",authentic,clean,"",
kaggle_fake_real_medicine_00304,"../raw/kaggle_fake_real/dataset/Real/images262.jpg",authentic,clean,"",
kaggle_fake_real_medicine_00305,"../raw/kaggle_fake_real/dataset/Real/images264.jpg",authentic,clean,"",
kaggle_fake_real_medicine_00306,"../raw/kaggle_fake_real/dataset/Real/images265.jpg",authentic,clean,"",
kaggle_fake_real_medicine_00307,"../raw/kaggle_fake_real/dataset/Real/images266.jpg",authentic,clean,"",
kaggle_fake_real_medicine_00308,"../raw/kaggle_fake_real/dataset/Real/images267.jpg",authentic,clean,"",
kaggle_fake_real_medicine_00309,"../raw/kaggle_fake_real/dataset/Real/images269.jpg",authentic,clean,"",
kaggle_fake_real_medicine_00310,"../raw/kaggle_fake_real/dataset/Real/images270.jpg",authentic,clean,"",
kaggle_fake_real_medicine_00311,"../raw/kaggle_fake_real/dataset/Real/images271.jpg",authentic,clean,"",
kaggle_fake_real_medicine_00312,"../raw/kaggle_fake_real/dataset/Real/images272.jpg",authentic,clean,"",
kaggle_fake_real_medicine_00313,"../raw/kaggle_fake_real/dataset/Real/images274.jpg",authentic,clean,"",
kaggle_fake_real_medicine_00314,"../raw/kaggle_fake_real/dataset/Real/images275.jpg",authentic,clean,"",
kaggle_fake_real_medicine_00315,"../raw/kaggle_fake_real/dataset/Real/images276.jpg",authentic,clean,"",
kaggle_fake_real_medicine_00316,"../raw/kaggle_fake_real/dataset/Real/images278.jpg",authentic,clean,"",
kaggle_fake_real_medicine_00317,"../raw/kaggle_fake_real/dataset/Real/images279.jpg",authentic,clean,"",
kaggle_fake_real_medicine_00318,"../raw/kaggle_fake_real/dataset/Real/images280.jpg",authentic,clean,"",
kaggle_fake_real_medicine_00319,"../raw/kaggle_fake_real/dataset/Real/images281.jpg",authentic,clean,"",
kaggle_fake_real_medicine_00320,"../raw/kaggle_fake_real/dataset/Real/images283.jpg",authentic,clean,"",
kaggle_fake_real_medicine_00321,"../raw/kaggle_fake_real/dataset/Real/images301.jpg",authentic,clean,"",
kaggle_fake_real_medicine_00322,"../raw/kaggle_fake_real/dataset/Real/images302.jpg",authentic,clean,"",
kaggle_fake_real_medicine_00323,"../raw/kaggle_fake_real/dataset/Real/images303.jpg",authentic,clean,"",
kaggle_fake_real_medicine_00324,"../raw/kaggle_fake_real/dataset/Real/images304.jpg",authentic,clean,"",
kaggle_fake_real_medicine_00325,"../raw/kaggle_fake_real/dataset/Real/images305.jpg",authentic,clean,"",
kaggle_fake_real_medicine_00326,"../raw/kaggle_fake_real/dataset/Real/images306.jpg",authentic,clean,"",
kaggle_fake_real_medicine_00327,"../raw/kaggle_fake_real/dataset/Real/images308.jpg",authentic,clean,"",
kaggle_fake_real_medicine_00328,"../raw/kaggle_fake_real/dataset/Real/images309.jpg",authentic,clean,"",
kaggle_fake_real_medicine_00329,"../raw/kaggle_fake_real/dataset/Real/images31.jpg",authentic,watermark,"",
kaggle_fake_real_medicine_00330,"../raw/kaggle_fake_real/dataset/Real/images310.jpg",authentic,clean,"",
kaggle_fake_real_medicine_00331,"../raw/kaggle_fake_real/dataset/Real/images311.jpg",authentic,watermark,"",
kaggle_fake_real_medicine_00332,"../raw/kaggle_fake_real/dataset/Real/images312.jpg",authentic,clean,"",watermark
kaggle_fake_real_medicine_00333,"../raw/kaggle_fake_real/dataset/Real/images313.jpg",authentic,clean,"",
kaggle_fake_real_medicine_00334,"../raw/kaggle_fake_real/dataset/Real/images314.jpg",authentic,clean,"",
kaggle_fake_real_medicine_00335,"../raw/kaggle_fake_real/dataset/Real/images315.jpg",authentic,clean,"",
kaggle_fake_real_medicine_00336,"../raw/kaggle_fake_real/dataset/Real/images316.jpg",authentic,clean,"",
kaggle_fake_real_medicine_00337,"../raw/kaggle_fake_real/dataset/Real/images317.jpg",authentic,clean,"",
kaggle_fake_real_medicine_00338,"../raw/kaggle_fake_real/dataset/Real/images318.jpg",authentic,clean,"",
kaggle_fake_real_medicine_00339,"../raw/kaggle_fake_real/dataset/Real/images319.jpg",authentic,clean,"",
kaggle_fake_real_medicine_00340,"../raw/kaggle_fake_real/dataset/Real/images32.jpg",authentic,clean,"",
kaggle_fake_real_medicine_00341,"../raw/kaggle_fake_real/dataset/Real/images320.jpg",authentic,clean,"",
kaggle_fake_real_medicine_00342,"../raw/kaggle_fake_real/dataset/Real/images322.jpg",authentic,clean,"",
kaggle_fake_real_medicine_00343,"../raw/kaggle_fake_real/dataset/Real/images323.jpg",authentic,clean,"",
kaggle_fake_real_medicine_00344,"../raw/kaggle_fake_real/dataset/Real/images324.jpg",authentic,clean,"",
kaggle_fake_real_medicine_00345,"../raw/kaggle_fake_real/dataset/Real/images325.jpg",authentic,clean,"",
kaggle_fake_real_medicine_00346,"../raw/kaggle_fake_real/dataset/Real/images327.jpg",authentic,clean,"",
kaggle_fake_real_medicine_00347,"../raw/kaggle_fake_real/dataset/Real/images328.jpg",authentic,clean,"",
kaggle_fake_real_medicine_00348,"../raw/kaggle_fake_real/dataset/Real/images329.jpg",authentic,clean,"",
kaggle_fake_real_medicine_00349,"../raw/kaggle_fake_real/dataset/Real/images33.jpg",authentic,clean,"",
kaggle_fake_real_medicine_00350,"../raw/kaggle_fake_real/dataset/Real/images330.jpg",authentic,clean,"",
kaggle_fake_real_medicine_00351,"../raw/kaggle_fake_real/dataset/Real/images331.jpg",authentic,clean,"",
kaggle_fake_real_medicine_00352,"../raw/kaggle_fake_real/dataset/Real/images332.jpg",authentic,clean,"",
kaggle_fake_real_medicine_00353,"../raw/kaggle_fake_real/dataset/Real/images333.jpg",authentic,clean,"",
kaggle_fake_real_medicine_00354,"../raw/kaggle_fake_real/dataset/Real/images334.jpg",authentic,clean,"",
kaggle_fake_real_medicine_00355,"../raw/kaggle_fake_real/dataset/Real/images335.jpg",authentic,clean,"",
kaggle_fake_real_medicine_00356,"../raw/kaggle_fake_real/dataset/Real/images336.jpg",authentic,watermark,"",watermark
kaggle_fake_real_medicine_00357,"../raw/kaggle_fake_real/dataset/Real/images337.jpg",authentic,clean,"",
kaggle_fake_real_medicine_00358,"../raw/kaggle_fake_real/dataset/Real/images338.jpg",authentic,clean,"",
kaggle_fake_real_medicine_00359,"../raw/kaggle_fake_real/dataset/Real/images339.jpg",authentic,clean,"",
kaggle_fake_real_medicine_00360,"../raw/kaggle_fake_real/dataset/Real/images340.jpg",authentic,watermark,"",
kaggle_fake_real_medicine_00361,"../raw/kaggle_fake_real/dataset/Real/images341.jpg",authentic,clean,"",
kaggle_fake_real_medicine_00362,"../raw/kaggle_fake_real/dataset/Real/images343.jpg",authentic,clean,"",
kaggle_fake_real_medicine_00363,"../raw/kaggle_fake_real/dataset/Real/images344.jpg",authentic,clean,"",
kaggle_fake_real_medicine_00364,"../raw/kaggle_fake_real/dataset/Real/images345.jpg",authentic,clean,"",
kaggle_fake_real_medicine_00365,"../raw/kaggle_fake_real/dataset/Real/images346.jpg",authentic,clean,"",
kaggle_fake_real_medicine_00366,"../raw/kaggle_fake_real/dataset/Real/images35.jpg",authentic,clean,"",
kaggle_fake_real_medicine_00367,"../raw/kaggle_fake_real/dataset/Real/images352.jpg",authentic,clean,"",
kaggle_fake_real_medicine_00368,"../raw/kaggle_fake_real/dataset/Real/images36.jpg",authentic,clean,"",
kaggle_fake_real_medicine_00369,"../raw/kaggle_fake_real/dataset/Real/images37.jpg",authentic,clean,"",
kaggle_fake_real_medicine_00370,"../raw/kaggle_fake_real/dataset/Real/images38.jpg",authentic,clean,"",
kaggle_fake_real_medicine_00371,"../raw/kaggle_fake_real/dataset/Real/images39.jpg",authentic,clean,"",
kaggle_fake_real_medicine_00372,"../raw/kaggle_fake_real/dataset/Real/images40.jpg",authentic,clean,"",
kaggle_fake_real_medicine_00373,"../raw/kaggle_fake_real/dataset/Real/images4001.jpg",authentic,clean,"",
kaggle_fake_real_medicine_00374,"../raw/kaggle_fake_real/dataset/Real/images4002.jpg",authentic,clean,"",
kaggle_fake_real_medicine_00375,"../raw/kaggle_fake_real/dataset/Real/images4003.jpg",authentic,clean,"",
kaggle_fake_real_medicine_00376,"../raw/kaggle_fake_real/dataset/Real/images4004.jpg",authentic,clean,"",
kaggle_fake_real_medicine_00377,"../raw/kaggle_fake_real/dataset/Real/images4006.jpg",authentic,screenshot,"",
kaggle_fake_real_medicine_00378,"../raw/kaggle_fake_real/dataset/Real/images4007.jpg",authentic,clean,"",unsure
kaggle_fake_real_medicine_00379,"../raw/kaggle_fake_real/dataset/Real/images4008.jpg",authentic,clean,"",
kaggle_fake_real_medicine_00380,"../raw/kaggle_fake_real/dataset/Real/images4009.jpg",authentic,clean,"",
kaggle_fake_real_medicine_00381,"../raw/kaggle_fake_real/dataset/Real/images4010.jpg",authentic,clean,"",
kaggle_fake_real_medicine_00382,"../raw/kaggle_fake_real/dataset/Real/images4011.jpg",authentic,clean,"",
kaggle_fake_real_medicine_00383,"../raw/kaggle_fake_real/dataset/Real/images4012.jpg",authentic,clean,"",
kaggle_fake_real_medicine_00384,"../raw/kaggle_fake_real/dataset/Real/images4013.jpg",authentic,clean,"",
kaggle_fake_real_medicine_00385,"../raw/kaggle_fake_real/dataset/Real/images4014.jpg",authentic,clean,"",
kaggle_fake_real_medicine_00386,"../raw/kaggle_fake_real/dataset/Real/images4015.jpg",authentic,watermark,"",
kaggle_fake_real_medicine_00387,"../raw/kaggle_fake_real/dataset/Real/images4016.jpg",authentic,clean,"",
kaggle_fake_real_medicine_00388,"../raw/kaggle_fake_real/dataset/Real/images4017.jpg",authentic,clean,"",
kaggle_fake_real_medicine_00389,"../raw/kaggle_fake_real/dataset/Real/images4018.jpg",authentic,clean,"",
kaggle_fake_real_medicine_00390,"../raw/kaggle_fake_real/dataset/Real/images4019.jpg",authentic,clean,"",
kaggle_fake_real_medicine_00391,"../raw/kaggle_fake_real/dataset/Real/images4020.jpg",authentic,clean,"",
kaggle_fake_real_medicine_00392,"../raw/kaggle_fake_real/dataset/Real/images4021.jpg",authentic,clean,"",
kaggle_fake_real_medicine_00393,"../raw/kaggle_fake_real/dataset/Real/images4022.jpg",authentic,clean,"",
kaggle_fake_real_medicine_00394,"../raw/kaggle_fake_real/dataset/Real/images4023.jpg",authentic,clean,"",
kaggle_fake_real_medicine_00395,"../raw/kaggle_fake_real/dataset/Real/images4024.jpg",authentic,clean,"",
kaggle_fake_real_medicine_00396,"../raw/kaggle_fake_real/dataset/Real/images4026.jpg",authentic,clean,"",
kaggle_fake_real_medicine_00397,"../raw/kaggle_fake_real/dataset/Real/images4027.jpg",authentic,clean,"",
kaggle_fake_real_medicine_00398,"../raw/kaggle_fake_real/dataset/Real/images4028.jpg",authentic,watermark,"",
kaggle_fake_real_medicine_00399,"../raw/kaggle_fake_real/dataset/Real/images4029.jpg",authentic,clean,"",
kaggle_fake_real_medicine_00400,"../raw/kaggle_fake_real/dataset/Real/images4030.jpg",authentic,clean,"",
kaggle_fake_real_medicine_00401,"../raw/kaggle_fake_real/dataset/Real/images4032.jpg",authentic,clean,"",
kaggle_fake_real_medicine_00402,"../raw/kaggle_fake_real/dataset/Real/images4034.jpg",authentic,clean,"",
kaggle_fake_real_medicine_00403,"../raw/kaggle_fake_real/dataset/Real/images4035.jpg",authentic,watermark,"",
kaggle_fake_real_medicine_00404,"../raw/kaggle_fake_real/dataset/Real/images4036.jpg",authentic,watermark,"",
kaggle_fake_real_medicine_00405,"../raw/kaggle_fake_real/dataset/Real/images4037.jpg",authentic,clean,"",
kaggle_fake_real_medicine_00406,"../raw/kaggle_fake_real/dataset/Real/images4038.jpg",authentic,watermark,"",
kaggle_fake_real_medicine_00407,"../raw/kaggle_fake_real/dataset/Real/images4041.jpg",authentic,clean,"",
kaggle_fake_real_medicine_00408,"../raw/kaggle_fake_real/dataset/Real/images4042.jpg",authentic,clean,"",
kaggle_fake_real_medicine_00409,"../raw/kaggle_fake_real/dataset/Real/images4043.jpg",authentic,screenshot,"",
kaggle_fake_real_medicine_00410,"../raw/kaggle_fake_real/dataset/Real/images4045.jpg",authentic,clean,"",
kaggle_fake_real_medicine_00411,"../raw/kaggle_fake_real/dataset/Real/images4047.jpg",authentic,clean,"",
kaggle_fake_real_medicine_00412,"../raw/kaggle_fake_real/dataset/Real/images4049.jpg",authentic,clean,"",
kaggle_fake_real_medicine_00413,"../raw/kaggle_fake_real/dataset/Real/images4050.jpg",authentic,clean,"",
kaggle_fake_real_medicine_00414,"../raw/kaggle_fake_real/dataset/Real/images4051.jpg",authentic,clean,"",
kaggle_fake_real_medicine_00415,"../raw/kaggle_fake_real/dataset/Real/images4053.jpg",authentic,watermark,"",
kaggle_fake_real_medicine_00416,"../raw/kaggle_fake_real/dataset/Real/images4055.jpg",authentic,clean,"",
kaggle_fake_real_medicine_00417,"../raw/kaggle_fake_real/dataset/Real/images4056.jpg",authentic,clean,"",
kaggle_fake_real_medicine_00418,"../raw/kaggle_fake_real/dataset/Real/images4059.jpg",authentic,clean,"",
kaggle_fake_real_medicine_00419,"../raw/kaggle_fake_real/dataset/Real/images4061.jpg",authentic,clean,"",
kaggle_fake_real_medicine_00420,"../raw/kaggle_fake_real/dataset/Real/images4062.jpg",authentic,clean,"",
kaggle_fake_real_medicine_00421,"../raw/kaggle_fake_real/dataset/Real/images4064.jpg",authentic,clean,"",
kaggle_fake_real_medicine_00422,"../raw/kaggle_fake_real/dataset/Real/images4065.jpg",authentic,clean,"",
kaggle_fake_real_medicine_00423,"../raw/kaggle_fake_real/dataset/Real/images4069.jpg",authentic,clean,"",
kaggle_fake_real_medicine_00424,"../raw/kaggle_fake_real/dataset/Real/images4070.jpg",authentic,clean,"",
kaggle_fake_real_medicine_00425,"../raw/kaggle_fake_real/dataset/Real/images4071.jpg",authentic,watermark,"",
kaggle_fake_real_medicine_00426,"../raw/kaggle_fake_real/dataset/Real/images4072.jpg",authentic,clean,"",
kaggle_fake_real_medicine_00427,"../raw/kaggle_fake_real/dataset/Real/images4073.jpg",authentic,clean,"",
kaggle_fake_real_medicine_00428,"../raw/kaggle_fake_real/dataset/Real/images4075.jpg",authentic,clean,"",
kaggle_fake_real_medicine_00429,"../raw/kaggle_fake_real/dataset/Real/images4076.jpg",authentic,clean,"",
kaggle_fake_real_medicine_00430,"../raw/kaggle_fake_real/dataset/Real/images4077.jpg",authentic,clean,"",
kaggle_fake_real_medicine_00431,"../raw/kaggle_fake_real/dataset/Real/images4078.jpg",authentic,clean,"",
kaggle_fake_real_medicine_00432,"../raw/kaggle_fake_real/dataset/Real/images4079.jpg",authentic,clean,"",
kaggle_fake_real_medicine_00433,"../raw/kaggle_fake_real/dataset/Real/images4080.jpg",authentic,watermark,"",
kaggle_fake_real_medicine_00434,"../raw/kaggle_fake_real/dataset/Real/images4083.jpg",authentic,watermark,"",
kaggle_fake_real_medicine_00435,"../raw/kaggle_fake_real/dataset/Real/images4084.jpg",authentic,clean,"",
kaggle_fake_real_medicine_00436,"../raw/kaggle_fake_real/dataset/Real/images4086.jpg",authentic,clean,"",
kaggle_fake_real_medicine_00437,"../raw/kaggle_fake_real/dataset/Real/images4087.jpg",authentic,clean,"",
kaggle_fake_real_medicine_00438,"../raw/kaggle_fake_real/dataset/Real/images4089.jpg",authentic,watermark,"",
kaggle_fake_real_medicine_00439,"../raw/kaggle_fake_real/dataset/Real/images4091.jpg",authentic,clean,"",
kaggle_fake_real_medicine_00440,"../raw/kaggle_fake_real/dataset/Real/images4092.jpg",authentic,clean,"",
kaggle_fake_real_medicine_00441,"../raw/kaggle_fake_real/dataset/Real/images4093.jpg",authentic,watermark,"",
kaggle_fake_real_medicine_00442,"../raw/kaggle_fake_real/dataset/Real/images4094.jpg",authentic,clean,"",watermark
kaggle_fake_real_medicine_00443,"../raw/kaggle_fake_real/dataset/Real/images4095.jpg",authentic,watermark,"",
kaggle_fake_real_medicine_00444,"../raw/kaggle_fake_real/dataset/Real/images4096.jpg",authentic,clean,"",watermark
kaggle_fake_real_medicine_00445,"../raw/kaggle_fake_real/dataset/Real/images4097.jpg",authentic,clean,"",
kaggle_fake_real_medicine_00446,"../raw/kaggle_fake_real/dataset/Real/images4098.jpg",authentic,clean,"",
kaggle_fake_real_medicine_00447,"../raw/kaggle_fake_real/dataset/Real/images4099.jpg",authentic,clean,"",
kaggle_fake_real_medicine_00448,"../raw/kaggle_fake_real/dataset/Real/images41.jpg",authentic,clean,"",
kaggle_fake_real_medicine_00449,"../raw/kaggle_fake_real/dataset/Real/images4101.jpg",authentic,clean,"",
kaggle_fake_real_medicine_00450,"../raw/kaggle_fake_real/dataset/Real/images4102.jpg",authentic,clean,"",
kaggle_fake_real_medicine_00451,"../raw/kaggle_fake_real/dataset/Real/images4103.jpg",authentic,clean,"",
kaggle_fake_real_medicine_00452,"../raw/kaggle_fake_real/dataset/Real/images4105.jpg",authentic,clean,"",
kaggle_fake_real_medicine_00453,"../raw/kaggle_fake_real/dataset/Real/images4106.jpg",authentic,clean,"",
kaggle_fake_real_medicine_00454,"../raw/kaggle_fake_real/dataset/Real/images4107.jpg",authentic,clean,"",
kaggle_fake_real_medicine_00455,"../raw/kaggle_fake_real/dataset/Real/images4108.jpg",authentic,clean,"",
kaggle_fake_real_medicine_00456,"../raw/kaggle_fake_real/dataset/Real/images4109.jpg",authentic,clean,"",
kaggle_fake_real_medicine_00457,"../raw/kaggle_fake_real/dataset/Real/images4111.jpg",authentic,clean,"",
kaggle_fake_real_medicine_00458,"../raw/kaggle_fake_real/dataset/Real/images4112.jpg",authentic,clean,"",
kaggle_fake_real_medicine_00459,"../raw/kaggle_fake_real/dataset/Real/images4113.jpg",authentic,clean,"",
kaggle_fake_real_medicine_00460,"../raw/kaggle_fake_real/dataset/Real/images4114.jpg",authentic,clean,"",
kaggle_fake_real_medicine_00461,"../raw/kaggle_fake_real/dataset/Real/images4115.jpg",authentic,clean,"",
kaggle_fake_real_medicine_00462,"../raw/kaggle_fake_real/dataset/Real/images4116.jpg",authentic,clean,"",
kaggle_fake_real_medicine_00463,"../raw/kaggle_fake_real/dataset/Real/images4117.jpg",authentic,clean,"",
kaggle_fake_real_medicine_00464,"../raw/kaggle_fake_real/dataset/Real/images4118.jpg",authentic,clean,"",
kaggle_fake_real_medicine_00465,"../raw/kaggle_fake_real/dataset/Real/images4119.jpg",authentic,clean,"",
kaggle_fake_real_medicine_00466,"../raw/kaggle_fake_real/dataset/Real/images4120.jpg",authentic,clean,"",
kaggle_fake_real_medicine_00467,"../raw/kaggle_fake_real/dataset/Real/images4121.jpg",authentic,clean,"",
kaggle_fake_real_medicine_00468,"../raw/kaggle_fake_real/dataset/Real/images4122.jpg",authentic,watermark,"",
kaggle_fake_real_medicine_00469,"../raw/kaggle_fake_real/dataset/Real/images4123.jpg",authentic,clean,"",
kaggle_fake_real_medicine_00470,"../raw/kaggle_fake_real/dataset/Real/images42.jpg",authentic,clean,"",
kaggle_fake_real_medicine_00471,"../raw/kaggle_fake_real/dataset/Real/images43.jpg",authentic,clean,"",
kaggle_fake_real_medicine_00472,"../raw/kaggle_fake_real/dataset/Real/images44.jpg",authentic,clean,"",
kaggle_fake_real_medicine_00473,"../raw/kaggle_fake_real/dataset/Real/images46.jpg",authentic,clean,"",
kaggle_fake_real_medicine_00474,"../raw/kaggle_fake_real/dataset/Real/images49.jpg",authentic,clean,"",
kaggle_fake_real_medicine_00475,"../raw/kaggle_fake_real/dataset/Real/images50.jpg",authentic,watermark,"",
kaggle_fake_real_medicine_00476,"../raw/kaggle_fake_real/dataset/Real/images5001.jpg",authentic,watermark,"",watermark
kaggle_fake_real_medicine_00477,"../raw/kaggle_fake_real/dataset/Real/images5003.jpg",authentic,watermark,"",
kaggle_fake_real_medicine_00478,"../raw/kaggle_fake_real/dataset/Real/images5004.jpg",authentic,clean,"",
kaggle_fake_real_medicine_00479,"../raw/kaggle_fake_real/dataset/Real/images5005.jpg",authentic,clean,"",
kaggle_fake_real_medicine_00480,"../raw/kaggle_fake_real/dataset/Real/images5007.jpg",authentic,watermark,"",
kaggle_fake_real_medicine_00481,"../raw/kaggle_fake_real/dataset/Real/images5010.jpg",authentic,clean,"",
kaggle_fake_real_medicine_00482,"../raw/kaggle_fake_real/dataset/Real/images5011.jpg",authentic,clean,"",
kaggle_fake_real_medicine_00483,"../raw/kaggle_fake_real/dataset/Real/images5012.jpg",authentic,screenshot,"",
kaggle_fake_real_medicine_00484,"../raw/kaggle_fake_real/dataset/Real/images5013.jpg",authentic,clean,"",
kaggle_fake_real_medicine_00485,"../raw/kaggle_fake_real/dataset/Real/images5014.jpg",authentic,clean,"",
kaggle_fake_real_medicine_00486,"../raw/kaggle_fake_real/dataset/Real/images5015.jpg",authentic,clean,"",
kaggle_fake_real_medicine_00487,"../raw/kaggle_fake_real/dataset/Real/images5017.jpg",authentic,clean,"",
kaggle_fake_real_medicine_00488,"../raw/kaggle_fake_real/dataset/Real/images5018.jpg",authentic,clean,"",
kaggle_fake_real_medicine_00489,"../raw/kaggle_fake_real/dataset/Real/images5019.jpg",authentic,clean,"",
kaggle_fake_real_medicine_00490,"../raw/kaggle_fake_real/dataset/Real/images5020.jpg",authentic,clean,"",
kaggle_fake_real_medicine_00491,"../raw/kaggle_fake_real/dataset/Real/images5025.jpg",authentic,watermark,"",
kaggle_fake_real_medicine_00492,"../raw/kaggle_fake_real/dataset/Real/images5026.jpg",authentic,clean,"",
kaggle_fake_real_medicine_00493,"../raw/kaggle_fake_real/dataset/Real/images5028.jpg",authentic,watermark,"",watermark
kaggle_fake_real_medicine_00494,"../raw/kaggle_fake_real/dataset/Real/images5029.jpg",authentic,clean,"",
kaggle_fake_real_medicine_00495,"../raw/kaggle_fake_real/dataset/Real/images5035.jpg",authentic,watermark,"",
kaggle_fake_real_medicine_00496,"../raw/kaggle_fake_real/dataset/Real/images5038.jpg",authentic,clean,"",
kaggle_fake_real_medicine_00497,"../raw/kaggle_fake_real/dataset/Real/images5040.jpg",authentic,watermark,"",
kaggle_fake_real_medicine_00498,"../raw/kaggle_fake_real/dataset/Real/images5041.jpg",authentic,clean,"",
kaggle_fake_real_medicine_00499,"../raw/kaggle_fake_real/dataset/Real/images5043.jpg",authentic,watermark,"",
kaggle_fake_real_medicine_00500,"../raw/kaggle_fake_real/dataset/Real/images5044.jpg",authentic,clean,"",
kaggle_fake_real_medicine_00501,"../raw/kaggle_fake_real/dataset/Real/images5045.jpg",authentic,watermark,"",
kaggle_fake_real_medicine_00502,"../raw/kaggle_fake_real/dataset/Real/images5047.jpg",authentic,clean,"",
kaggle_fake_real_medicine_00503,"../raw/kaggle_fake_real/dataset/Real/images5049.jpg",authentic,clean,"",
kaggle_fake_real_medicine_00504,"../raw/kaggle_fake_real/dataset/Real/images5050.jpg",authentic,clean,"",
kaggle_fake_real_medicine_00505,"../raw/kaggle_fake_real/dataset/Real/images5051.jpg",authentic,clean,"",
kaggle_fake_real_medicine_00506,"../raw/kaggle_fake_real/dataset/Real/images5052.jpg",authentic,clean,"",
kaggle_fake_real_medicine_00507,"../raw/kaggle_fake_real/dataset/Real/images5054.jpg",authentic,clean,"",
kaggle_fake_real_medicine_00508,"../raw/kaggle_fake_real/dataset/Real/images5055.jpg",authentic,clean,"",
kaggle_fake_real_medicine_00509,"../raw/kaggle_fake_real/dataset/Real/images5057.jpg",authentic,clean,"",
kaggle_fake_real_medicine_00510,"../raw/kaggle_fake_real/dataset/Real/images5058.jpg",authentic,watermark,"",
kaggle_fake_real_medicine_00511,"../raw/kaggle_fake_real/dataset/Real/images5059.jpg",authentic,clean,"",
kaggle_fake_real_medicine_00512,"../raw/kaggle_fake_real/dataset/Real/images5060.jpg",authentic,clean,"",
kaggle_fake_real_medicine_00513,"../raw/kaggle_fake_real/dataset/Real/images5061.jpg",authentic,clean,"",
kaggle_fake_real_medicine_00514,"../raw/kaggle_fake_real/dataset/Real/images5062.jpg",authentic,clean,"",
kaggle_fake_real_medicine_00515,"../raw/kaggle_fake_real/dataset/Real/images5063.jpg",authentic,clean,"",
kaggle_fake_real_medicine_00516,"../raw/kaggle_fake_real/dataset/Real/images5065.jpg",authentic,watermark,"",
kaggle_fake_real_medicine_00517,"../raw/kaggle_fake_real/dataset/Real/images5068.jpg",authentic,clean,"",watermark
kaggle_fake_real_medicine_00518,"../raw/kaggle_fake_real/dataset/Real/images5070.jpg",authentic,clean,"",
kaggle_fake_real_medicine_00519,"../raw/kaggle_fake_real/dataset/Real/images5071.jpg",authentic,clean,"",
kaggle_fake_real_medicine_00520,"../raw/kaggle_fake_real/dataset/Real/images5072.jpg",authentic,clean,"",
kaggle_fake_real_medicine_00521,"../raw/kaggle_fake_real/dataset/Real/images5073.jpg",authentic,clean,"",
kaggle_fake_real_medicine_00522,"../raw/kaggle_fake_real/dataset/Real/images5074.jpg",authentic,clean,"",
kaggle_fake_real_medicine_00523,"../raw/kaggle_fake_real/dataset/Real/images5075.jpg",authentic,clean,"",
kaggle_fake_real_medicine_00524,"../raw/kaggle_fake_real/dataset/Real/images5077.jpg",authentic,clean,"",
kaggle_fake_real_medicine_00525,"../raw/kaggle_fake_real/dataset/Real/images5078.jpg",authentic,clean,"",
kaggle_fake_real_medicine_00526,"../raw/kaggle_fake_real/dataset/Real/images5079.jpg",authentic,clean,"",
kaggle_fake_real_medicine_00527,"../raw/kaggle_fake_real/dataset/Real/images5081.jpg",authentic,clean,"",
kaggle_fake_real_medicine_00528,"../raw/kaggle_fake_real/dataset/Real/images5082.jpg",authentic,clean,"",
kaggle_fake_real_medicine_00529,"../raw/kaggle_fake_real/dataset/Real/images5083.jpg",authentic,watermark,"",
kaggle_fake_real_medicine_00530,"../raw/kaggle_fake_real/dataset/Real/images5084.jpg",authentic,clean,"",
kaggle_fake_real_medicine_00531,"../raw/kaggle_fake_real/dataset/Real/images5085.jpg",authentic,watermark,"",
kaggle_fake_real_medicine_00532,"../raw/kaggle_fake_real/dataset/Real/images5086.jpg",authentic,clean,"",
kaggle_fake_real_medicine_00533,"../raw/kaggle_fake_real/dataset/Real/images5087.jpg",authentic,clean,"",
kaggle_fake_real_medicine_00534,"../raw/kaggle_fake_real/dataset/Real/images5088.jpg",authentic,watermark,"",
kaggle_fake_real_medicine_00535,"../raw/kaggle_fake_real/dataset/Real/images5089.jpg",authentic,clean,"",
kaggle_fake_real_medicine_00536,"../raw/kaggle_fake_real/dataset/Real/images5090.jpg",authentic,watermark,"",
kaggle_fake_real_medicine_00537,"../raw/kaggle_fake_real/dataset/Real/images5091.jpg",authentic,clean,"",
kaggle_fake_real_medicine_00538,"../raw/kaggle_fake_real/dataset/Real/images5092.jpg",authentic,clean,"",unsure
kaggle_fake_real_medicine_00539,"../raw/kaggle_fake_real/dataset/Real/images5093.jpg",authentic,clean,"",
kaggle_fake_real_medicine_00540,"../raw/kaggle_fake_real/dataset/Real/images5094.jpg",authentic,clean,"",
kaggle_fake_real_medicine_00541,"../raw/kaggle_fake_real/dataset/Real/images5099.jpg",authentic,clean,"",
kaggle_fake_real_medicine_00542,"../raw/kaggle_fake_real/dataset/Real/images5100.jpg",authentic,clean,"",
kaggle_fake_real_medicine_00543,"../raw/kaggle_fake_real/dataset/Real/images5102.jpg",authentic,clean,"",
kaggle_fake_real_medicine_00544,"../raw/kaggle_fake_real/dataset/Real/images5103.jpg",authentic,clean,"",
kaggle_fake_real_medicine_00545,"../raw/kaggle_fake_real/dataset/Real/images5104.jpg",authentic,clean,"",
kaggle_fake_real_medicine_00546,"../raw/kaggle_fake_real/dataset/Real/images5105.jpg",authentic,watermark,"",
kaggle_fake_real_medicine_00547,"../raw/kaggle_fake_real/dataset/Real/images5106.jpg",authentic,clean,"",watermark
kaggle_fake_real_medicine_00548,"../raw/kaggle_fake_real/dataset/Real/images5107.jpg",authentic,clean,"",
kaggle_fake_real_medicine_00549,"../raw/kaggle_fake_real/dataset/Real/images5108.jpg",authentic,clean,"",
kaggle_fake_real_medicine_00550,"../raw/kaggle_fake_real/dataset/Real/images5109.jpg",authentic,clean,"",
kaggle_fake_real_medicine_00551,"../raw/kaggle_fake_real/dataset/Real/images5110.jpg",authentic,clean,"",
kaggle_fake_real_medicine_00552,"../raw/kaggle_fake_real/dataset/Real/images5111.jpg",authentic,clean,"",
kaggle_fake_real_medicine_00553,"../raw/kaggle_fake_real/dataset/Real/images5113.jpg",authentic,clean,"",
kaggle_fake_real_medicine_00554,"../raw/kaggle_fake_real/dataset/Real/images5114.jpg",authentic,clean,"",
kaggle_fake_real_medicine_00555,"../raw/kaggle_fake_real/dataset/Real/images5115.jpg",authentic,watermark,"",
kaggle_fake_real_medicine_00556,"../raw/kaggle_fake_real/dataset/Real/images5116.jpg",authentic,clean,"",
kaggle_fake_real_medicine_00557,"../raw/kaggle_fake_real/dataset/Real/images5118.jpg",authentic,watermark,"",
kaggle_fake_real_medicine_00558,"../raw/kaggle_fake_real/dataset/Real/images5119.jpg",authentic,clean,"",watermark
kaggle_fake_real_medicine_00559,"../raw/kaggle_fake_real/dataset/Real/images5120.jpg",authentic,clean,"",
kaggle_fake_real_medicine_00560,"../raw/kaggle_fake_real/dataset/Real/images5121.jpg",authentic,clean,"",
kaggle_fake_real_medicine_00561,"../raw/kaggle_fake_real/dataset/Real/images5125.jpg",authentic,clean,"",
kaggle_fake_real_medicine_00562,"../raw/kaggle_fake_real/dataset/Real/images5126.jpg",authentic,clean,"",
kaggle_fake_real_medicine_00563,"../raw/kaggle_fake_real/dataset/Real/images5127.jpg",authentic,clean,"",
